INSERT INTO TIPOVEHICULO (ID,TIPO) VALUES(1, 'CARRO');
INSERT INTO TIPOVEHICULO (ID,TIPO) VALUES(2, 'MOTO');

INSERT INTO CELDA (ID, TIPO) VALUES(1, 1);
INSERT INTO CELDA (ID, TIPO) VALUES(2, 1);
INSERT INTO CELDA (ID, TIPO) VALUES(3, 1);
INSERT INTO CELDA (ID, TIPO) VALUES(4, 1);
INSERT INTO CELDA (ID, TIPO) VALUES(5, 1);
INSERT INTO CELDA (ID, TIPO) VALUES(6, 1);
INSERT INTO CELDA (ID, TIPO) VALUES(7, 1);
INSERT INTO CELDA (ID, TIPO) VALUES(8, 1);
INSERT INTO CELDA (ID, TIPO) VALUES(9, 1);
INSERT INTO CELDA (ID, TIPO) VALUES(10, 1);
INSERT INTO CELDA (ID, TIPO) VALUES(11, 1);
INSERT INTO CELDA (ID, TIPO) VALUES(12, 1);
INSERT INTO CELDA (ID, TIPO) VALUES(13, 1);
INSERT INTO CELDA (ID, TIPO) VALUES(14, 1);
INSERT INTO CELDA (ID, TIPO) VALUES(15, 1);
INSERT INTO CELDA (ID, TIPO) VALUES(16, 1);
INSERT INTO CELDA (ID, TIPO) VALUES(17, 1);
INSERT INTO CELDA (ID, TIPO) VALUES(18, 1);
INSERT INTO CELDA (ID, TIPO) VALUES(19, 1);
INSERT INTO CELDA (ID, TIPO) VALUES(20, 1);

INSERT INTO CELDA (ID, TIPO) VALUES(21, 2);
INSERT INTO CELDA (ID, TIPO) VALUES(22, 2);
INSERT INTO CELDA (ID, TIPO) VALUES(23, 2);
INSERT INTO CELDA (ID, TIPO) VALUES(24, 2);
INSERT INTO CELDA (ID, TIPO) VALUES(25, 2);
INSERT INTO CELDA (ID, TIPO) VALUES(26, 2);
INSERT INTO CELDA (ID, TIPO) VALUES(27, 2);
INSERT INTO CELDA (ID, TIPO) VALUES(28, 2);
INSERT INTO CELDA (ID, TIPO) VALUES(29, 2);
INSERT INTO CELDA (ID, TIPO) VALUES(30, 2);

INSERT INTO TARIFA (TIPO, VALORHORA, VALORDIA, VALORADICIONALCC) VALUES(1, 1000, 8000, 0);
INSERT INTO TARIFA (TIPO, VALORHORA, VALORDIA, VALORADICIONALCC) VALUES(2, 500, 4000, 2000);